{
  "CodeKitInfo" : "This is a CodeKit project configuration file. It is designed to sync project settings across multiple machines. Modifying the contents of this file can be a poor life decision if you don't know what you're doing. This file is not useful unless accompanied by the project that created it in CodeKit. For more information, see: http:\/\/incident57.com\/codekit",
  "creatorBuild" : "8300",
  "files" : {
    "\/jade\/index2.jade" : {
      "ignoreWasSetByUser" : 0,
      "ignore" : 0,
      "hidden" : 0,
      "outputPathIsSetByUser" : 0,
      "inputAbbreviatedPath" : "\/jade\/index2.jade",
      "outputStyle" : 0,
      "compileDebug" : 0,
      "outputAbbreviatedPath" : "\/index2.html",
      "fileType" : 512
    },
    "\/index.html" : {
      "ignoreWasSetByUser" : 0,
      "ignore" : 1,
      "hidden" : 0,
      "outputPathIsSetByUser" : 0,
      "inputAbbreviatedPath" : "\/index.html",
      "outputAbbreviatedPath" : "\/No Output Path",
      "fileType" : 2048
    },
    "\/css\/jquery.flexmenu.css" : {
      "ignoreWasSetByUser" : 0,
      "ignore" : 1,
      "hidden" : 0,
      "outputPathIsSetByUser" : 0,
      "inputAbbreviatedPath" : "\/css\/jquery.flexmenu.css",
      "outputAbbreviatedPath" : "No Output Path",
      "fileType" : 16
    },
    "\/js\/vendor\/font-awesome\/css\/font-awesome.css" : {
      "ignoreWasSetByUser" : 0,
      "ignore" : 0,
      "hidden" : 0,
      "outputPathIsSetByUser" : 0,
      "inputAbbreviatedPath" : "\/js\/vendor\/font-awesome\/css\/font-awesome.css",
      "outputAbbreviatedPath" : "No Output Path",
      "fileType" : 16
    },
    "\/index2.html" : {
      "ignoreWasSetByUser" : 0,
      "ignore" : 1,
      "hidden" : 0,
      "outputPathIsSetByUser" : 0,
      "inputAbbreviatedPath" : "\/index2.html",
      "outputAbbreviatedPath" : "\/No Output Path",
      "fileType" : 2048
    },
    "\/js\/vendor\/bootstrap\/js\/bootstrap.js" : {
      "ignoreWasSetByUser" : 0,
      "ignore" : 0,
      "hidden" : 0,
      "outputPathIsSetByUser" : 0,
      "inputAbbreviatedPath" : "\/js\/vendor\/bootstrap\/js\/bootstrap.js",
      "outputStyle" : 1,
      "syntaxCheckerStyle" : 1,
      "outputAbbreviatedPath" : "\/js\/vendor\/bootstrap\/js\/bootstrap-min.js",
      "fileType" : 64
    },
    "\/js\/vendor\/bootstrap\/css\/bootstrap.min.css" : {
      "ignoreWasSetByUser" : 0,
      "ignore" : 0,
      "hidden" : 0,
      "outputPathIsSetByUser" : 0,
      "inputAbbreviatedPath" : "\/js\/vendor\/bootstrap\/css\/bootstrap.min.css",
      "outputAbbreviatedPath" : "No Output Path",
      "fileType" : 16
    },
    "\/js\/jquery.flexmenu.js" : {
      "ignoreWasSetByUser" : 0,
      "ignore" : 1,
      "hidden" : 0,
      "outputPathIsSetByUser" : 0,
      "inputAbbreviatedPath" : "\/js\/jquery.flexmenu.js",
      "outputStyle" : 1,
      "syntaxCheckerStyle" : 1,
      "outputAbbreviatedPath" : "\/js\/jquery.flexmenu-min.js",
      "fileType" : 64
    },
    "\/config.rb" : {
      "ignoreWasSetByUser" : 0,
      "ignore" : 0,
      "hidden" : 0,
      "outputPathIsSetByUser" : 0,
      "inputAbbreviatedPath" : "\/config.rb",
      "outputAbbreviatedPath" : "No Output Path",
      "fileType" : 32768
    },
    "\/js\/vendor\/jquery-1.10.2.js" : {
      "ignoreWasSetByUser" : 0,
      "ignore" : 0,
      "hidden" : 0,
      "outputPathIsSetByUser" : 0,
      "inputAbbreviatedPath" : "\/js\/vendor\/jquery-1.10.2.js",
      "outputStyle" : 1,
      "syntaxCheckerStyle" : 1,
      "outputAbbreviatedPath" : "\/js\/vendor\/jquery-1.10.2-min.js",
      "fileType" : 64
    },
    "\/css\/main.css" : {
      "ignoreWasSetByUser" : 0,
      "ignore" : 1,
      "hidden" : 0,
      "outputPathIsSetByUser" : 0,
      "inputAbbreviatedPath" : "\/css\/main.css",
      "outputAbbreviatedPath" : "No Output Path",
      "fileType" : 16
    },
    "\/jade\/layout.jade" : {
      "ignoreWasSetByUser" : 0,
      "ignore" : 1,
      "hidden" : 0,
      "outputPathIsSetByUser" : 0,
      "inputAbbreviatedPath" : "\/jade\/layout.jade",
      "outputStyle" : 0,
      "compileDebug" : 0,
      "outputAbbreviatedPath" : "\/layout.html",
      "fileType" : 512
    },
    "\/js\/vendor\/bootstrap\/js\/bootstrap.min.js" : {
      "ignoreWasSetByUser" : 0,
      "ignore" : 0,
      "hidden" : 0,
      "outputPathIsSetByUser" : 0,
      "inputAbbreviatedPath" : "\/js\/vendor\/bootstrap\/js\/bootstrap.min.js",
      "outputStyle" : 1,
      "syntaxCheckerStyle" : 1,
      "outputAbbreviatedPath" : "\/js\/vendor\/bootstrap\/js\/bootstrap.min-min.js",
      "fileType" : 64
    },
    "\/js\/vendor\/bootstrap\/css\/bootstrap.css" : {
      "ignoreWasSetByUser" : 0,
      "ignore" : 0,
      "hidden" : 0,
      "outputPathIsSetByUser" : 0,
      "inputAbbreviatedPath" : "\/js\/vendor\/bootstrap\/css\/bootstrap.css",
      "outputAbbreviatedPath" : "No Output Path",
      "fileType" : 16
    },
    "\/sass\/jquery.flexmenu.sass" : {
      "ignoreWasSetByUser" : 0,
      "ignore" : 0,
      "hidden" : 0,
      "outputPathIsSetByUser" : 0,
      "inputAbbreviatedPath" : "\/sass\/jquery.flexmenu.sass",
      "outputStyle" : 3,
      "shouldRunBless" : 0,
      "outputAbbreviatedPath" : "\/css\/jquery.flexmenu.css",
      "fileType" : 2,
      "debugStyle" : 1
    },
    "\/sass\/main.sass" : {
      "ignoreWasSetByUser" : 0,
      "ignore" : 0,
      "hidden" : 0,
      "outputPathIsSetByUser" : 0,
      "inputAbbreviatedPath" : "\/sass\/main.sass",
      "outputStyle" : 3,
      "shouldRunBless" : 0,
      "outputAbbreviatedPath" : "\/css\/main.css",
      "fileType" : 2,
      "debugStyle" : 1
    },
    "\/jade\/index.jade" : {
      "ignoreWasSetByUser" : 0,
      "ignore" : 0,
      "hidden" : 0,
      "outputPathIsSetByUser" : 0,
      "inputAbbreviatedPath" : "\/jade\/index.jade",
      "outputStyle" : 0,
      "compileDebug" : 0,
      "outputAbbreviatedPath" : "\/index.html",
      "fileType" : 512
    },
    "\/images\/bg-nav_gradient.png" : {
      "ignoreWasSetByUser" : 0,
      "ignore" : 0,
      "hidden" : 0,
      "outputPathIsSetByUser" : 0,
      "inputAbbreviatedPath" : "\/images\/bg-nav_gradient.png",
      "processed" : 0,
      "outputAbbreviatedPath" : "\/images\/bg-nav_gradient.png",
      "initialSize" : 2839,
      "fileType" : 8192
    },
    "\/coffee\/jquery.flexmenu.coffee" : {
      "ignoreWasSetByUser" : 0,
      "ignore" : 0,
      "hidden" : 0,
      "outputPathIsSetByUser" : 0,
      "inputAbbreviatedPath" : "\/coffee\/jquery.flexmenu.coffee",
      "checkOutputStyle" : 0,
      "minifyOutput" : 1,
      "outputAbbreviatedPath" : "\/js\/jquery.flexmenu.js",
      "outputStyle" : 0,
      "fileType" : 32
    }
  },
  "manualImportLinks" : [

  ],
  "projectSettings" : {
    "hamlNoEscapeInAttributes" : 0,
    "kitAutoOutputPathStyle" : 0,
    "lessOutputStyle" : 0,
    "hamlAutoOutputPathReplace2" : "",
    "draggedImportConcatenationStyle" : 1,
    "jadeAutoOutputPathStyle" : 2,
    "hamlEscapeHTMLCharacters" : 0,
    "javascriptAutoOutputPathStyle" : 0,
    "hamlOutputFormat" : 2,
    "stylusAutoOutputPathReplace1" : "stylus",
    "lessStrictImports" : 0,
    "sassAutoOutputPathStyle" : 2,
    "stylusAutoOutputPathReplace2" : "css",
    "lessAutoOutputPathStyle" : 2,
    "genericWebpageFileExtensionsString" : "html, htm, shtml, shtm, xhtml, php, jsp, asp, aspx, erb, ctp",
    "coffeeMinifyOutput" : 1,
    "javascriptOutputSuffix" : "-min",
    "jadeOutputStyle" : 0,
    "coffeeAutoOutputPathStyle" : 2,
    "autoSyncProjectSettingsFile" : 1,
    "lessAutoOutputPathReplace1" : "less",
    "jadeAutoOutputPathReplace1" : "",
    "lessAutoOutputPathRelativePath" : "..\/css",
    "hamlAutoOutputPathRelativePath" : "",
    "jsCheckerReservedNamesString" : "",
    "javascriptOutputStyle" : 1,
    "stylusDebugStyle" : 0,
    "hamlUseCDATA" : 0,
    "hamlAutoOutputPathStyle" : 0,
    "sassDebugStyle" : 1,
    "hamlOutputStyle" : 0,
    "stylusAutoOutputPathRelativePath" : "..\/css",
    "jsCheckerIndent" : 4,
    "kitAutoOutputPathRelativePath" : "",
    "lessAutoOutputPathReplace2" : "css",
    "jadeAutoOutputPathReplace2" : "",
    "shouldRunBless" : 0,
    "stylusAutoOutputPathStyle" : 2,
    "coffeeCheckOutputStyle" : 0,
    "slimOutputStyle" : 1,
    "javascriptSyntaxCheckerStyle" : 1,
    "sassAutoOutputPathReplace1" : "sass",
    "slimAutoOutputPathReplace1" : "",
    "sassOutputStyle" : 3,
    "coffeeAutoOutputPathRelativePath" : "..\/js",
    "slimCompileOnly" : 0,
    "slimLogicless" : 0,
    "uglifyIndent" : 4,
    "jadeAutoOutputPathRelativePath" : "..\/",
    "hamlUseUnixNewlines" : 0,
    "hamlAutoOutputPathReplace1" : "",
    "javascriptAutoOutputPathReplace1" : "",
    "stylusOutputStyle" : 0,
    "javascriptAutoOutputPathReplace2" : "",
    "sassAutoOutputPathRelativePath" : "..\/css",
    "coffeeAutoOutputPathReplace1" : "",
    "hamlUseDoubleQuotes" : 0,
    "coffeeAutoOutputPathReplace2" : "",
    "kitAutoOutputPathReplace1" : "",
    "uglifyReservedNamesString" : "",
    "coffeeOutputStyle" : 0,
    "slimAutoOutputPathRelativePath" : "",
    "jsHintFlags" : {
      "latedef" : 1,
      "newcap" : 1,
      "curly" : 1,
      "trailing" : 1,
      "nonew" : 1,
      "withstmt" : 0,
      "yui" : 0,
      "mootools" : 0,
      "proto" : 0,
      "boss" : 0,
      "funcscope" : 0,
      "regexdash" : 0,
      "jquery" : 1,
      "esnext" : 0,
      "camelcase" : 0,
      "es5" : 0,
      "dojo" : 0,
      "strict" : 0,
      "devel" : 0,
      "onecase" : 0,
      "wsh" : 0,
      "nonstandard" : 0,
      "asi" : 0,
      "smarttabs" : 0,
      "rhino" : 0,
      "noempty" : 0,
      "lastsemic" : 0,
      "eqnull" : 0,
      "eqeqeq" : 1,
      "couch" : 0,
      "evil" : 0,
      "expr" : 0,
      "immed" : 0,
      "globalstrict" : 0,
      "undef" : 1,
      "iterator" : 0,
      "prototypejs" : 0,
      "noarg" : 1,
      "supernew" : 0,
      "node" : 0,
      "unused" : 1,
      "debug" : 0,
      "bitwise" : 1,
      "white" : 0,
      "browser" : 1,
      "worker" : 0,
      "laxcomma" : 0,
      "multistr" : 0,
      "shadow" : 0,
      "sub" : 0,
      "regexp" : 1,
      "scripturl" : 0,
      "forin" : 0,
      "loopfunc" : 0,
      "laxbreak" : 0,
      "plusplus" : 0
    },
    "jsLintFlags" : {
      "white" : 0,
      "unparam" : 0,
      "regexp" : 0,
      "nomen" : 0,
      "vars" : 0,
      "sub" : 0,
      "stupid" : 0,
      "continue" : 0,
      "bitwise" : 0,
      "newcap" : 0,
      "sloppy" : 0,
      "closure" : 0,
      "es5" : 0,
      "browser" : 1,
      "properties" : 0,
      "plusplus" : 0,
      "debug" : 0,
      "forin" : 0,
      "eqeq" : 0,
      "evil" : 0,
      "node" : 0,
      "rhino" : 0,
      "devel" : 0,
      "ass" : 0
    },
    "uglifyFlags" : {
      "no-mangle-functions" : 0,
      "no-mangle" : 0,
      "no-copyright" : 0,
      "no-dead-code" : 0,
      "inline-script" : 0,
      "ascii" : 0,
      "unsafe" : 0,
      "mangle-toplevel" : 0,
      "no-seqs" : 1,
      "beautify" : 0,
      "lift-vars" : 0,
      "consolidate-primitive-values" : 0,
      "no-squeeze" : 0
    },
    "sassAutoOutputPathReplace2" : "css",
    "slimAutoOutputPathReplace2" : "",
    "jadeCompileDebug" : 0,
    "slimRailsCompatible" : 0,
    "kitAutoOutputPathReplace2" : "",
    "lessDebugStyle" : 1,
    "javascriptAutoOutputPathRelativePath" : "",
    "slimAutoOutputPathStyle" : 0
  },
  "projectAttributes" : {
    "bourbonEnabled" : 0,
    "displayValue" : "dev",
    "displayValueWasSetByUser" : 0,
    "compassEnabled" : 1
  }
}